Link,Company,Title
https://weworkremotely.com/remote-jobs/reachire-ux-ui-interaction-designer,reacHIRE,UX/UI Interaction Designer
https://weworkremotely.com/remote-jobs/theorem-llc-experienced-polyglot-engineer-remote,"Theorem, LLC",Experienced Polyglot Engineer - Remote
https://weworkremotely.com/remote-jobs/launchnotes-sr-product-designer-at-launchnotes,LaunchNotes,Sr. Product Designer at LaunchNotes 🚀
https://weworkremotely.com/remote-jobs/remo-co-senior-full-stack-developer-for-profitable-gamified-video-conferencing-startup-that-grew-5x-in-30,Remo.co,"Senior full-stack developer for profitable, gamified video conferencing startup that grew 5x in 30 days"
https://weworkremotely.com/remote-jobs/aha-senior-security-engineer-with-ruby-on-rails-experience,Aha!,senior security engineer with ruby on rails experience
https://weworkremotely.com/remote-jobs/pixel-union-senior-front-end-developer,Pixel Union,Senior Front End Developer
https://weworkremotely.com/remote-jobs/starfish-experienced-ruby-on-rails-engineer,Starfish,Experienced Ruby on Rails Engineer
https://weworkremotely.com/remote-jobs/qualio-senior-software-developer,Qualio,Senior Software Developer
https://weworkremotely.com/remote-jobs/toptal-freelance-java-developer-remote-full-time-1,Toptal,"Freelance Java Developer – Remote, Full-time"
https://weworkremotely.com/remote-jobs/hubtran-senior-software-engineer-ruby-elm-react,HubTran,Senior Software Engineer - Ruby/Elm/React
https://weworkremotely.com/remote-jobs/toggl-frontend-developer-for-toggl-hire,Toggl,Frontend Developer for Toggl Hire
https://weworkremotely.com/remote-jobs/hubstaff-senior-ruby-on-rails-server-engineer,Hubstaff,Senior Ruby on Rails Server Engineer
https://weworkremotely.com/remote-jobs/harvest-digital-planning-full-stack-developer-php,Harvest Digital Planning,Full Stack Developer (PHP)
https://weworkremotely.com/remote-jobs/knack-frontend-engineer-2,Knack,Frontend Engineer
https://weworkremotely.com/remote-jobs/carthook-senior-frontend-react-engineer,CartHook,Senior Frontend React Engineer
https://weworkremotely.com/remote-jobs/4d-pipeline-awesome-senior-3d-software-engineers-unrealengine-webgl-and-more-1,4D Pipeline,"Awesome Senior 3D Software Engineers (UnrealEngine, WebGL, and more)"
https://weworkremotely.com/remote-jobs/chili-piper-front-end-engineer,Chili Piper,Front End Engineer
https://weworkremotely.com/remote-jobs/manifold-senior-or-lead-react-developer,Manifold,Senior or Lead React Developer
https://weworkremotely.com/remote-jobs/instinct-science-senior-front-end-react-engineer-1,Instinct Science,Senior Front End (React) Engineer
https://weworkremotely.com/remote-jobs/nearsure-senior-java-react-developer,Nearsure,Senior Java & React Developer
https://weworkremotely.com/remote-jobs/aha-sr-security-engineer-with-ruby-on-rails-experience,Aha!,Sr. Security Engineer with Ruby on Rails experience
https://weworkremotely.com/remote-jobs/deploy-solutions-front-end-web-developer-and-designer-for-space-apps,Deploy Solutions,"Front End Web Developer and Designer for ""Space Apps"""
https://weworkremotely.com/remote-jobs/awesome-motive-inc-wordpress-developer-php-js-3,Awesome Motive Inc.,WordPress Developer (PHP/JS)
https://weworkremotely.com/remote-jobs/spinupwp-full-stack-php-developer,SpinupWP,Full Stack PHP Developer
https://weworkremotely.com/remote-jobs/c2-digital-shopify-developer-2,C2 Digital,Shopify Developer
https://weworkremotely.com/remote-jobs/techifide-limited-senior-javascript-frontend-developer,Techifide Limited,Senior JavaScript Frontend Developer
https://weworkremotely.com/remote-jobs/saucepos-senior-front-end-web-developer,Saucepos,Senior Front-End Web Developer
https://weworkremotely.com/remote-jobs/myaccident-senior-full-stack-engineer-with-focus-on-ux-ui,MyAccident,Senior Full Stack Engineer with focus on UX / UI
https://weworkremotely.com/remote-jobs/infinity-software-development-inc-sr-software-engineer-across-a-wide-array-of-tech-stacks-100-10,"Infinity Software Development, Inc.","Sr. Software Engineer, across a wide array of tech stacks, 100% Remote"
https://weworkremotely.com/remote-jobs/bitovi-javascript-developer-2,Bitovi,JavaScript Developer
https://weworkremotely.com/remote-jobs/opencraft-open-source-developer-devops-python-django-aws-openstack-9,OpenCraft,"Open Source Developer & DevOps (Python, Django, AWS, OpenStack)"
https://weworkremotely.com/remote-jobs/flip-tech-sr-shopify-engineer,Flip-Tech,Sr. Shopify Engineer
https://weworkremotely.com/remote-jobs/mypinpad-ltd-senior-android-developer,MYPINPAD Ltd,Senior Android Developer
https://weworkremotely.com/remote-jobs/iphone-photography-school-front-end-developer-the-perfect-job-1,iPhone Photography School,Front-End Developer: The Perfect Job
https://weworkremotely.com/remote-jobs/jobandtalent-backend-engineer-ruby-on-rails,jobandtalent,Backend Engineer (Ruby on Rails)
https://weworkremotely.com/remote-jobs/files-com-frontend-engineer-es8-react-redux-saga,Files.com,Frontend Engineer (ES8/React/Redux/Saga)
https://weworkremotely.com/remote-jobs/formidable-forms-senior-wordpress-developer-1,Formidable Forms,Senior WordPress Developer
https://weworkremotely.com/remote-jobs/webdevstudios-lead-engineer-wordpress,WebDevStudios,Lead Engineer (WordPress)
https://weworkremotely.com/remote-jobs/country-rebel-superstar-full-stack-developer-your-work-will-be-seen-by-millions,Country Rebel,Superstar Full-Stack Developer /// Your Work Will Be Seen By Millions
https://weworkremotely.com/remote-jobs/esl-gaming-online-inc-senior-front-end-developer,"ESL Gaming Online, Inc",Senior Front End Developer
https://weworkremotely.com/remote-jobs/esl-gaming-online-inc-front-end-developer,"ESL Gaming Online, Inc",Front End Developer
https://weworkremotely.com/remote-jobs/labelbox-sr-software-engineer-fullstack-machine-learning-startup,Labelbox,"Sr. Software Engineer, Fullstack @ Machine Learning Startup"
https://weworkremotely.com/remote-jobs/rektglobal-nativescript-developer,ReKTGlobal,NativeScript Developer
https://weworkremotely.com/remote-jobs/chili-piper-qa-engineer,Chili Piper,QA Engineer
https://weworkremotely.com/remote-jobs/form-publisher-lead-software-engineer,Form Publisher,Lead Software Engineer
https://weworkremotely.com/remote-jobs/kbmax-front-end-web-developer-virtual-office,KBMax,Front End Web Developer ~ Virtual Office
https://weworkremotely.com/remote-jobs/g2i-inc-remote-contract-react-native-engineer-6,G2i Inc.,Remote Contract React Native Engineer
https://weworkremotely.com/remote-jobs/good-eggs-senior-software-engineer-mobile,Good Eggs,Senior Software Engineer - Mobile
https://weworkremotely.com/remote-jobs/clevertech-sr-full-stack-javascript-developer,Clevertech,Sr. Full-Stack Javascript Developer
https://weworkremotely.com/remote-jobs/unhaggle-inc-full-stack-developer-python-vue-js-2,Unhaggle Inc.,Full Stack Developer (Python & Vue.js)
https://weworkremotely.com/remote-jobs/geektastic-javascript-developer-fully-remote,Geektastic,JavaScript Developer - Fully Remote
https://weworkremotely.com/remote-jobs/freetrade-senior-site-reliability-engineer-software-engineering,Freetrade,Senior Site Reliability Engineer - Software Engineering
https://weworkremotely.com/remote-jobs/urbantz-sa-javascript-software-engineer,URBANTZ SA,JavaScript Software Engineer
https://weworkremotely.com/remote-jobs/printavo-sr-software-engineer-bootstrapped-ruby-on-rails-1,Printavo,Sr Software Engineer (Bootstrapped/Ruby on Rails)
https://weworkremotely.com/remote-jobs/territory-foods-front-end-developer,Territory Foods,Front End Developer
https://weworkremotely.com/remote-jobs/form3-financial-cloud-senior-software-engineer-go-100-remote-uk-eu-only,Form3 - Financial Cloud,"Senior Software Engineer (Go) - 100% Remote, UK/EU Only"
https://weworkremotely.com/remote-jobs/hopin-front-end-engineer,Hopin,Front End Engineer
https://weworkremotely.com/remote-jobs/doximity-software-engineer-android-kotlin,Doximity,"Software Engineer, Android (Kotlin)"
https://weworkremotely.com/remote-jobs/x-team-senior-javascript-and-webrtc-developer,X-Team,Senior JavaScript and WebRTC Developer
https://weworkremotely.com/remote-jobs/learnzillion-an-edgenuity-company-senior-software-engineer,"LearnZillion, an Edgenuity company",Senior Software Engineer
https://weworkremotely.com/remote-jobs/codelathe-technologies-inc-front-end-software-engineer-1,CodeLathe Technologies Inc,Front End Software Engineer
https://weworkremotely.com/remote-jobs/dronedeploy-senior-frontend-software-engineer-mobile-sf-bay-area-remote,DroneDeploy,"Senior Frontend Software Engineer, Mobile (SF Bay Area/Remote)"
https://weworkremotely.com/remote-jobs/silverlogic-full-stack-web-developer-western-hemisphere,SilverLogic,Full Stack Web Developer (Western Hemisphere)
https://weworkremotely.com/remote-jobs/recharge-payments-software-engineer-in-test,ReCharge Payments,Software Engineer in Test
https://weworkremotely.com/remote-jobs/doximity-software-engineer-full-stack,Doximity,"Software Engineer, Full Stack"
https://weworkremotely.com/remote-jobs/airship-toggle-full-stack-developer,Airship & Toggle,Full Stack Developer
https://weworkremotely.com/remote-jobs/higharc-senior-full-stack-software-engineer-1,Higharc,Senior Full Stack Software Engineer
https://weworkremotely.com/remote-jobs/able-senior-full-stack-software-engineer,Able,Senior Full-Stack Software Engineer
https://weworkremotely.com/remote-jobs/localize-senior-backend-engineer-node-js,Localize,Senior Backend Engineer - Node.js
https://weworkremotely.com/remote-jobs/gistia-healthcare-software-engineer-backend,Gistia Healthcare,Software Engineer (Backend)
https://weworkremotely.com/remote-jobs/appomni-ui-engineer,AppOmni,UI Engineer
https://weworkremotely.com/remote-jobs/x-team-senior-java-developer,X-Team,Senior Java Developer
https://weworkremotely.com/remote-jobs/heysummit-fullstack-product-engineer-django,HeySummit,Fullstack Product Engineer (Django)
https://weworkremotely.com/remote-jobs/heysummit-growth-support-engineer,HeySummit,Growth & Support Engineer
https://weworkremotely.com/remote-jobs/swappa-frontend-django-developer,Swappa,Frontend Django Developer
https://weworkremotely.com/remote-jobs/plain-concepts-full-stack-senior-web-developer,Plain Concepts,Full Stack Senior Web Developer
https://weworkremotely.com/remote-jobs/farmgirl-flowers-full-stack-software-engineer-rails,Farmgirl Flowers,Full-Stack Software Engineer (Rails)
https://weworkremotely.com/remote-jobs/bookingsync-lead-senior-ruby-on-rails-developer,BookingSync,Lead Senior Ruby on Rails Developer
https://weworkremotely.com/remote-jobs/civitatis-front-end-developer-spanish-speaking,CIVITATIS,Front-End Developer (Spanish Speaking)
https://weworkremotely.com/remote-jobs/social-print-studio-full-stack-node-engineer,Social Print Studio,Full Stack Node Engineer
https://weworkremotely.com/remote-jobs/kickback-rewards-system-mobile-application-developer-python,Kickback Rewards System,Mobile Application Developer (Python)
https://weworkremotely.com/remote-jobs/lifestage-solutions-ag-senior-react-developer,Lifestage Solutions AG,Senior React developer
https://weworkremotely.com/remote-jobs/github-senior-software-engineer-packages-ecosystems,GitHub,"Senior Software Engineer, Packages Ecosystems"
https://weworkremotely.com/remote-jobs/pathable-inc-senior-backend-javascript-nomad,"Pathable, Inc.",Senior Backend JavaScript Nomad
https://weworkremotely.com/remote-jobs/dataquest-senior-product-engineer-remote-anywhere,Dataquest,Senior Product Engineer (Remote - Anywhere)
https://weworkremotely.com/remote-jobs/dronedeploy-senior-javascript-software-engineer,DroneDeploy,Senior JavaScript Software Engineer
https://weworkremotely.com/remote-jobs/equips-senior-full-stack-engineer,Equips,Senior Full Stack Engineer
https://weworkremotely.com/remote-jobs/power-home-remodeling-ruby-on-rails-developer,Power Home Remodeling,Ruby on Rails Developer
https://weworkremotely.com/remote-jobs/localize-senior-full-stack-javascript-engineer,Localize,Senior Full Stack Javascript Engineer
https://weworkremotely.com/remote-jobs/springboard-software-engineering-mentor-1,Springboard,Software Engineering Mentor
https://weworkremotely.com/remote-jobs/tripcraft-mobile-web-developer,TripCraft,Mobile/Web Developer
https://weworkremotely.com/remote-jobs/equips-full-stack-engineer,Equips,Full Stack Engineer
https://weworkremotely.com/remote-jobs/memberpress-wordpress-developer,MemberPress,WordPress Developer
https://weworkremotely.com/remote-jobs/doximity-mobile-software-engineer-ios-swift,Doximity,"Mobile Software Engineer, iOS (Swift)"
https://weworkremotely.com/remote-jobs/power-home-remodeling-ruby-on-rails-developer-5-years,Power Home Remodeling,Ruby on Rails Developer (5+ years)
https://weworkremotely.com/remote-jobs/clipboard-health-full-stack-software-engineer,Clipboard Health,Full Stack Software Engineer
https://weworkremotely.com/remote-jobs/retrium-senior-javascript-engineer,Retrium,Senior JavaScript Engineer
https://weworkremotely.com/remote-jobs/bevy-software-development-engineer-test-sdet,Bevy,Software Development Engineer - Test (SDET)
https://weworkremotely.com/remote-jobs/taxjar-senior-full-stack-software-engineer,TaxJar,Senior Full-Stack Software Engineer
https://weworkremotely.com/remote-jobs/brivity-inc-senior-software-engineer-web-apps-1,"Brivity, Inc.",Senior Software Engineer - Web Apps
https://weworkremotely.com/remote-jobs/yoko-co-wordpress-support-specialist,Yoko Co,WordPress Support Specialist
https://weworkremotely.com/remote-jobs/chameleon-technical-champion,Chameleon,Technical Champion
https://weworkremotely.com/remote-jobs/skyverge-customer-support-specialist-5,SkyVerge,Customer Support Specialist
https://weworkremotely.com/remote-jobs/awesome-motive-inc-wordpress-technical-support-1,Awesome Motive Inc.,WordPress Technical Support
https://weworkremotely.com/remote-jobs/knack-customer-support-specialist-1,Knack,Customer Support Specialist
https://weworkremotely.com/remote-jobs/shogun-technical-support-specialist,Shogun,Technical Support Specialist
https://weworkremotely.com/remote-jobs/digitalis-io-devops-engineer-with-solid-elasticsearch-eu-based-only,digitalis.io,DevOps Engineer with solid Elasticsearch (EU based only)
https://weworkremotely.com/remote-jobs/digitalis-io-hadoop-administrator-eu-based-only,digitalis.io,Hadoop Administrator (EU Based Only)
https://weworkremotely.com/remote-jobs/doximity-software-engineer-security,Doximity,"Software Engineer, Security"
https://weworkremotely.com/remote-jobs/mstoner-inc-web-developer,"mStoner, Inc.",Web Developer
https://weworkremotely.com/remote-jobs/doximity-software-engineer-sre,Doximity,"Software Engineer, SRE"
https://weworkremotely.com/remote-jobs/power-home-remodeling-mobile-web-solutions-architect,Power Home Remodeling,Mobile Web Solutions Architect
https://weworkremotely.com/remote-jobs/fingerprintjs-marketing-lead,FingerprintJS,Marketing Lead
https://weworkremotely.com/remote-jobs/chili-piper-demand-generation-manager,Chili Piper,Demand Generation Manager
https://weworkremotely.com/remote-jobs/mammoth-growth-experienced-marketing-manager-at-growth-agency,Mammoth Growth,Experienced Marketing Manager at Growth Agency
https://weworkremotely.com/remote-jobs/mercuryworks-software-product-owner-1,MercuryWorks,Software Product Owner
https://weworkremotely.com/top-remote-companies,MoveOn.org,UX and Fundraising Internship (Paid)
https://weworkremotely.com/remote-jobs/inventorylab-inc-business-analyst-it,InventoryLab Inc.,Business Analyst (IT)
https://weworkremotely.com/remote-jobs/taxjar-senior-product-designer-1,TaxJar,Senior Product Designer
https://weworkremotely.com/remote-jobs/manual-front-end-engineer,Manual,Front End Engineer
https://weworkremotely.com/remote-jobs/the-predictive-index-salesforce-developer,The Predictive Index,Salesforce Developer
https://weworkremotely.com/remote-jobs/kauli-implementations-integrations-engineer-kuali-research-remote,Kauli,Implementations & Integrations Engineer- Kuali Research (Remote)
https://remoteok.io/remote-jobs/96910-remote-senior-software-developer-backend-sporty,Sporty,Senior Software Developer (backend)
https://remoteok.io/remote-jobs/86896-remote-senior-software-engineer-vamstar,Vamstar,Senior Software Engineer
https://remoteok.io/remote-jobs/86777-remote-java-backend-developer-scalable-path,Scalable Path,JAVA Backend Developer
https://remoteok.io/remote-jobs/86650-remote-cloud-native-java-developer-railroad19,Railroad19,Cloud Native Java Developer
https://remoteok.io/remote-jobs/86922-remote-senior-java-developer-who-wants-make-a-difference-oreilly-auto-parts,O'Reilly Auto Parts,Senior Java Developer Who Wants Make A Difference
https://remoteok.io/remote-jobs/87200-remote-senior-java-developer-who-loves-puzzles-oreilly-auto-parts,O'Reilly Auto Parts,Senior Java Developer Who Loves Puzzles
https://remoteok.io/remote-jobs/86459-remote-freelance-java-developer-full-time-toptal,Toptal,Freelance Java Developer – Full-time
https://remoteok.io/remote-jobs/86423-remote-java-full-web-stack-developer-variphy,Variphy,Java Full Web Stack Developer
https://remoteok.io/remote-jobs/86976-remote-enterprise-software-java-full-web-stack-developer-variphy,Variphy,Enterprise Software Java Full Web Stack Developer
https://remoteok.io/remote-jobs/86325-remote-java-developer-peopledoc,PeopleDoc,Java Developer
https://remoteok.io/remote-jobs/87308-remote-senior-java-web-developer-mahisoft,Mahisoft,Senior Java Web Developer
https://remoteok.io/remote-jobs/85622-remote-freelance-java-developer-remote-toptal,Toptal,Freelance Java Developer –
https://remoteok.io/remote-jobs/85562-remote-java-spring-developer-100-clevertech,Clevertech,Java Spring Developer 100
https://remoteok.io/remote-jobs/85529-remote-senior-android-developer-goosechase,GooseChase,Senior Android Developer
https://remoteok.io/remote-jobs/85355-remote-freelance-java-developer-toptal,Toptal,Freelance Java Developer
https://remoteok.io/remote-jobs/85121-remote-cloud-native-java-developer-railroad19,Railroad19,Cloud Native Java Developer
https://remoteok.io/remote-jobs/84934-remote-java-application-developer-saga-plc,Saga Plc,Java Application Developer
https://remoteok.io/remote-jobs/84776-remote-java-api-developer-pricesenz,PriceSenz,Java API Developer
https://remoteok.io/remote-jobs/84616-remote-senior-java-developer-wallethub,Wallethub,Senior Java Developer
https://remoteok.io/remote-jobs/84569-remote-fullstack-java-developer-pricesenz,PriceSenz,Fullstack Java Developer
https://remoteok.io/remote-jobs/84217-remote-java-salesforce-developer-azassi,AZASSI,Java / Salesforce Developer
https://remoteok.io/remote-jobs/84196-remote-android-java-developer-eyeo,eyeo,Android Java Developer
https://remoteok.io/remote-jobs/84165-remote-lead-java-spring-developer-100-clevertech,Clevertech,Lead Java Spring Developer 100
https://remoteok.io/remote-jobs/84123-remote-senior-java-developer-remotesome,Remotesome,Senior Java Developer
https://remoteok.io/remote-jobs/84082-remote-java-developer-immersive-labs,Immersive Labs,Java Developer
https://remoteok.io/remote-jobs/84065-remote-java-c-web-developer-for-government-natural-resource-projects-gold-systems,Gold Systems,Java C# Web Developer For Government Natural Resource Projects
https://remoteok.io/remote-jobs/84033-remote-java-software-engineer-peopledoc,PeopleDoc,Java Software Engineer
https://remoteok.io/remote-jobs/84015-remote-senior-java-web-developer-kettle,Kettle,Senior Java Web Developer
https://remoteok.io/remote-jobs/83856-remote-software-engineer-backend-remote-numbrs-personal-finance-ag,Numbrs Personal Finance AG,"Software Engineer, Backend"
https://remoteok.io/remote-jobs/83678-remote-senior-software-engineer-m-f-d-mvpf,MVPF,Senior Software Engineer (m/f/d)
https://remoteok.io/remote-jobs/83788-remote-senior-java-developer-cloud-technology-solutions,Cloud Technology Solutions,Senior Java Developer
https://remoteok.io/remote-jobs/83661-remote-java-software-architect-oreilly-auto-parts,O'Reilly Auto Parts,Java Software Architect
https://remoteok.io/remote-jobs/83711-remote-fintech-company-looking-for-a-senior-java-backend-developer-viabill-a-s,ViaBill A S,Fintech Company Looking For A Senior Java Backend Developer
https://remoteok.io/remote-jobs/83787-remote-java-developer-open-source-non-profit-healthcare-back-end-data-web-snomed-international,SNOMED International,Java Developer Open Source Non Profit Healthcare Back End Data Web
https://remoteok.io/remote-jobs/83595-remote-principal-java-spring-developer-100-clevertech,Clevertech,Principal Java Spring Developer 100
https://remoteok.io/remote-jobs/83553-remote-100-principal-java-spring-developer-clevertech,Clevertech,100% Principal Java Spring Developer
https://remoteok.io/remote-jobs/83551-remote-principal-java-spring-developer-clevertech,Clevertech,Principal Java/spring Developer
https://remoteok.io/remote-jobs/83739-remote-java-backend-developer-focused-on-quality-viabill-a-s,ViaBill A S,Java Backend Developer Focused On Quality
https://remoteok.io/remote-jobs/83750-remote-java-developer-entando,Entando,Java Developer
https://remoteok.io/remote-jobs/83362-remote-java-developer-with-spring-security-experience-baeldung,Baeldung,Java Developer With Spring Security Experience
https://remoteok.io/remote-jobs/83291-remote-100-java-spring-developer-clevertech,Clevertech,100% Java Spring Developer
https://remoteok.io/remote-jobs/83134-remote-mid-level-java-developer-amida-technology-solutions,Amida Technology Solutions,Mid Level Java Developer
https://remoteok.io/remote-jobs/77368-remote-full-stack-java-developer-usc-only-redhat-jbpm-pricesenz,PriceSenz,Full Stack Java Developer USC Only** Redhat JBPM
https://remoteok.io/remote-jobs/77297-remote-sr-java-spring-developer-clevertech,Clevertech,Sr. Java/spring Developer
https://remoteok.io/remote-jobs/77285-remote-senior-java-software-engineer-anonos,Anonos,Senior Java Software Engineer
https://remoteok.io/remote-jobs/77274-remote-java-spring-developer-clevertech,Clevertech,Java Spring Developer
https://remoteok.io/remote-jobs/77262-remote-principal-java-spring-developer-north-america-100-clevertech,Clevertech,Principal Java Spring Developer North America 100
https://remoteok.io/remote-jobs/77062-remote-android-developer-full-time-stronglifts,StrongLifts,Android Developer (full Time)
https://remoteok.io/remote-jobs/76990-remote-java-web-developer-spider-strategies,Spider Strategies,Java Web Developer
https://remoteok.io/remote-jobs/76670-remote-java-web-developer-for-government-natural-resource-projects-gold-systems,Gold Systems,Java Web Developer For Government Natural Resource Projects
https://remoteok.io/remote-jobs/76566-remote-java-senior-software-engineer-world-wide-technology,World Wide Technology,Java Senior Software Engineer
https://remoteok.io/remote-jobs/76548-remote-gwt-java-developer-vascular-associates,Vascular Associates,GWT Java Developer
https://remoteok.io/remote-jobs/76534-remote-java-software-engineer-prospect,Prospect,Java Software Engineer
https://remoteok.io/remote-jobs/76513-remote-senior-software-engineer-full-stack-sharestream,ShareStream,Senior Software Engineer (full Stack)
https://remoteok.io/remote-jobs/76373-remote-senior-software-engineer-java-spring-kafka-streams-ns8,NS8,Senior Software Engineer Java Spring Kafka Streams
https://remoteok.io/remote-jobs/76331-remote-senior-java-developer-nl-lendex,Lendex,Senior Java Developer (NL)
https://remoteok.io/remote-jobs/76263-remote-code-challenge-reviewer-100-50-per-hour-java-javascript-php-python-c-ruby-css-html-sql-scala-ios-android-geektastic,Geektastic,Code Challenge Reviewer 100% £50 Per Hour Java Javascript PHP Python C# Ruby CSS HTML SQL Scala iOS Android
https://remoteok.io/remote-jobs/76247-remote-full-stack-java-developer-dynatron-software,Dynatron Software,Full Stack Java Developer
https://remoteok.io/remote-jobs/75960-remote-developer-or-senior-developer-mvpf,MVPF,Developer or Senior Developer
https://remoteok.io/remote-jobs/75588-remote-java-web-developer-oreilly-auto-parts,O'Reilly Auto Parts,Java Web Developer
https://remoteok.io/remote-jobs/75514-remote-senior-java-developer-erni-schweiz-ag,ERNI Schweiz AG,Senior Java Developer
https://remoteok.io/remote-jobs/75497-remote-android-developer-komoot,komoot,Android Developer
https://remoteok.io/remote-jobs/75405-remote-software-developers-java-surevine,Surevine,Software Developers Java
https://remoteok.io/remote-jobs/75077-remote-java-developer-with-linux-flexhire,Flexhire,Java Developer With Linux
https://remoteok.io/remote-jobs/75071-remote-java-spring-boot-developer-a-line-staffing-solutions,A-Line Staffing Solutions,Java Spring Boot Developer
https://remoteok.io/remote-jobs/74706-remote-java-web-application-developer-contrast-security,Contrast Security,Java Web Application Developer
https://remoteok.io/remote-jobs/74574-remote-senior-android-developer-1-second-everyday,1 Second Everyday,Senior Android Developer
https://remoteok.io/remote-jobs/74508-remote-experienced-java-web-developer-oreilly-auto-parts,O'Reilly Auto Parts,Experienced Java Web Developer
https://remoteok.io/remote-jobs/74448-remote-senior-java-developer-insurance-solutions-clevertech,Clevertech,Senior Java Developer Insurance Solutions
https://remoteok.io/remote-jobs/74351-remote-senior-backend-engineer-golang-focus-remote-dl-remote,DL Remote,Senior Backend Engineer - Golang Focus
https://remoteok.io/remote-jobs/74280-remote-full-stack-java-software-engineer-sonatype,Sonatype,Full Stack Java Software Engineer
https://remoteok.io/remote-jobs/74226-remote-senior-back-end-java-developer-pluralsight,Pluralsight,Senior Back End Java Developer
https://remoteok.io/remote-jobs/74192-remote-java-developer-insurance-solutions-clevertech,Clevertech,Java Developer Insurance Solutions
https://remoteok.io/remote-jobs/74163-remote-senior-backend-developer-wetravel,WeTravel,Senior Backend Developer
https://remoteok.io/remote-jobs/74121-remote-java-developer-omnitec-solutions,OMNITEC Solutions,Java Developer
https://remoteok.io/remote-jobs/74091-remote-software-engineer-android-doximity,Doximity,"Software Engineer, Android"
https://remoteok.io/remote-jobs/73979-remote-software-engineer-alphasights,AlphaSights,Software Engineer
https://remoteok.io/remote-jobs/73932-remote-java-software-engineer-vox-markets,VOX Markets,Java Software Engineer
https://remoteok.io/remote-jobs/73709-remote-software-engineer-android-remote-numbrs-personal-finance-ag,Numbrs Personal Finance AG,"Software Engineer, Android"
https://remoteok.io/remote-jobs/73415-remote-cloud-native-java-software-engineer-railroad19,Railroad19,Cloud Native Java Software Engineer
https://remoteok.io/remote-jobs/73409-remote-java-developer-mobiquity,Mobiquity,Java Developer
https://remoteok.io/remote-jobs/73279-remote-senior-java-developer-railroad19,Railroad19,Senior Java Developer
https://remoteok.io/remote-jobs/72946-remote-software-engineer-senior-or-mid-level-sigma-ratings,Sigma Ratings,Software Engineer (senior or Mid Level)
https://remoteok.io/remote-jobs/72942-remote-java-agent-instrumentation-developer-contrast-security,Contrast Security,Java Agent Instrumentation Developer
https://remoteok.io/remote-jobs/72926-remote-front-end-developer-for-safetywing-yc-w18-safetywing,SafetyWing,Front-end Developer for Safetywing (YC W18)
https://remoteok.io/remote-jobs/72854-remote-senior-java-developer-nagarro,Nagarro,Senior Java Developer
https://remoteok.io/remote-jobs/72835-remote-senior-java-developer-entando,Entando,Senior Java Developer
https://remoteok.io/remote-jobs/72741-remote-backend-java-developer-dynatron-software,Dynatron Software,Backend Java Developer
https://remoteok.io/remote-jobs/72735-remote-senior-java-developer-oreilly-auto-parts,O'Reilly Auto Parts,Senior Java Developer
https://remoteok.io/remote-jobs/72666-remote-senior-core-java-developer-radix-dlt,Radix DLT,Senior Core Java Developer
https://remoteok.io/remote-jobs/72627-remote-java-developer-phoenix-staff,Phoenix Staff,Java Developer
https://remoteok.io/remote-jobs/72481-remote-senior-aws-java-backend-developer-nagarro,Nagarro,Senior AWS Java Backend Developer
https://remoteok.io/remote-jobs/72235-remote-senior-java-developer-us-residents-only-phoenix-staff,Phoenix Staff,Senior Java Developer US Residents ONLY
https://remoteok.io/remote-jobs/72206-remote-senior-java-developer-remote-position-bonfire,Bonfire,Senior Java Developer ( Position)
https://remoteok.io/remote-jobs/72056-remote-software-developers-java-uk-home-based-surevine,Surevine,Software Developers Java UK Home Based
https://remoteok.io/remote-jobs/71831-remote-senior-java-spring-angular-developer-topdevz,TopDevz,Senior Java Spring Angular Developer
https://remoteok.io/remote-jobs/71653-remote-senior-java-developer-ubiquisoft-technologies,Ubiquisoft Technologies,Senior Java Developer
https://remoteok.io/remote-jobs/71623-remote-senior-java-software-developer-navis,NAVIS,Senior Java Software Developer
https://remoteok.io/remote-jobs/71479-remote-chief-software-architect-100k-year-remote-work-crossover,Crossover,Chief Software Architect ($100k/year) Work
https://remoteok.io/remote-jobs/71477-remote-software-architect-60k-year-remote-work-crossover,Crossover,Software Architect ($60k/year) Work
https://remoteok.io/remote-jobs/71475-remote-software-engineer-30k-year-remote-work-crossover,Crossover,Software Engineer ($30k/year) Work
https://remoteok.io/remote-jobs/71655-remote-full-stack-software-developer-java-c-leveragepoint-innovations,Leveragepoint Innovations,Full Stack Software Developer Java C
https://remoteok.io/remote-jobs/71114-remote-java-developer-who-loves-interface-front-end-oreilly-auto-parts,O'Reilly Auto Parts,Java Developer Who Loves Interface Front End
https://remoteok.io/remote-jobs/71083-remote-software-engineering-manager-sem-100k-year-remote-work-crossover,Crossover,Software Engineering Manager (sem) ($100k/year) Work
https://remoteok.io/remote-jobs/71015-remote-java-development-instructor-code-instructor-openclassrooms,OpenClassrooms,Java Development Instructor Code Instructor
https://remoteok.io/remote-jobs/70882-remote-mid-level-java-developer-phoenix-staff,Phoenix Staff,Mid Level Java Developer
https://remoteok.io/remote-jobs/70852-remote-senior-software-developer-java-contrast-security,Contrast Security,Senior Software Developer Java
https://remoteok.io/remote-jobs/70772-remote-senior-back-end-java-developer-gitprime,GitPrime,Senior Back End Java Developer
https://remoteok.io/remote-jobs/70655-remote-java-software-architect-60k-year-remote-work-crossover,Crossover,Java Software Architect ($60k/year) Work
https://remoteok.io/remote-jobs/70651-remote-java-software-engineer-30k-year-remote-work-crossover,Crossover,Java Software Engineer ( $30k/year) Work
https://remoteok.io/remote-jobs/70561-remote-java-developer-seeq-corporation,Seeq Corporation,Java Developer
https://remoteok.io/remote-jobs/70398-remote-senior-java-backend-developer-with-accounting-domain-experience-viabill-a-s,ViaBill A S,Senior Java Backend Developer With Accounting Domain Experience
https://remoteok.io/remote-jobs/70353-remote-senior-java-developer-hazelcast,Hazelcast,Senior Java Developer
https://remoteok.io/remote-jobs/70334-remote-senior-cloud-java-developer-railroad19,Railroad19,Senior Cloud Java Developer
https://remoteok.io/remote-jobs/70271-remote-web-developer-java-omnitec-solutions,OMNITEC Solutions,Web Developer Java
https://remoteok.io/remote-jobs/70632-remote-java-angular-developer-for-enterprise-sized-project-portland-webworks,Portland Webworks,Java Angular Developer For Enterprise Sized Project
https://remoteok.io/remote-jobs/70055-remote-java-software-engineering-manager-100k-year-crossover,Crossover,Java Software Engineering Manager ($100k/year)
https://remoteok.io/remote-jobs/69977-remote-senior-android-developer-accesso,accesso,Senior Android Developer
https://remoteok.io/remote-jobs/69933-remote-staff-site-reliability-engineer-sre-circleci,CircleCI,Staff Site Reliability Engineer (sre)
https://remoteok.io/remote-jobs/70029-remote-senior-java-jee-entwickler-gh-bankensoftware-ag,G&amp;H Bankensoftware AG,Senior Java JEE Entwickler
https://remoteok.io/remote-jobs/69839-remote-senior-java-back-end-developer-wallethub,Wallethub,Senior Java Back End Developer
https://remoteok.io/remote-jobs/69813-remote-java-software-engineer-30k-year-crossover,Crossover,Java Software Engineer ( $30k/year)
https://remoteok.io/remote-jobs/69811-remote-java-software-architect-60k-year-crossover,Crossover,Java Software Architect ($60k/year)
https://remoteok.io/remote-jobs/69726-remote-talented-java-backend-developer-with-a-strong-sense-of-quality-viabill-a-s,ViaBill A S,Talented Java Backend Developer With A Strong Sense Of Quality
https://remoteok.io/remote-jobs/69628-remote-junior-mid-level-java-developer-ubiquisoft-technologies,Ubiquisoft Technologies,Junior Mid Level Java Developer
https://stackoverflow.com/jobs/413851/backend-engineer-java-medaltv,Medal.tv,"Backend Engineer, Java"
https://stackoverflow.com/jobs/130997/senior-java-developer-who-wants-to-make-a-oreilly-auto-parts,O'Reilly Auto Parts,Senior Java Developer who wants to make a difference
https://stackoverflow.com/jobs/403073/enterprise-software-java-react-redux-full-web-variphy-inc,Variphy Inc,Enterprise Software Java/React/Redux Full Web Stack Developer
https://stackoverflow.com/jobs/415641/back-end-java-developer-open-source-for-snomed-international,SNOMED Internationalviatechfolk,"Back End Java Developer: open source for healthcare | Spring, AWS, microservices"
https://stackoverflow.com/jobs/411046/software-engineer-minecraft-java-game-tynker,Tynker,Software Engineer - Minecraft Java Game Development
https://stackoverflow.com/jobs/414744/java-developer-onsite-in-paris-or-remote-in-peopledoc,PeopleDoc,"Java Developer (Onsite in Paris, or Remote in France, UK, Germany)"
https://stackoverflow.com/jobs/412776/java-j2ee-extjs-angular-7-8-spring-hibernate-topdevz,TopDevz,"Java (J2ee), ExtJS, Angular 7/8, Spring Hibernate, HTML & CSS (Senior, Remote)"
https://stackoverflow.com/jobs/287288/product-engineer-java-aca-compliance-group,ACA Compliance Group,Product Engineer Java
https://stackoverflow.com/jobs/299153/java-backend-engineer-oreilly-auto-parts,O'Reilly Auto Parts,Java Backend Engineer
https://stackoverflow.com/jobs/412503/java-react-developer-boyle-software,Boyle Software,Java/React Developer
https://stackoverflow.com/jobs/410149/principal-software-engineer-team-lead-java-unanet-inc,"Unanet, Inc.",Principal Software Engineer - Team Lead (Java)
https://stackoverflow.com/jobs/413452/mid-java-developer-hays-london-city-cheapside,Hays London City CheapsideviaHays plc,Mid Java Developer
https://stackoverflow.com/jobs/206435/senior-java-developer-remote-x-team,X-Team,Senior Java Developer (Remote)
https://stackoverflow.com/jobs/413122/remote-java-developer-support-bug-fixes-hays,HaysviaHays plc,Remote Java Developer (Support / Bug Fixes)
https://stackoverflow.com/jobs/390294/full-stack-developer-java-elasticsearch-contrast-security,Contrast Security,"Full Stack Developer - Java, ElasticSearch, GraphQL and ReactJS"
https://stackoverflow.com/jobs/388573/trainer-m-w-d-f%C3%BCr-java-ocpjp-ocajp-e-wbs-gruppe,WBS Gruppe,Trainer (m/w/d) für Java (OCPJP / OCAJP) (E-Learning)
https://stackoverflow.com/jobs/383629/senior-java-web-developer-mahisoft-inc,Mahisoft Inc,Senior Java Web Developer
https://stackoverflow.com/jobs/282423/senior-backend-engineer-ruby-on-rails-filescom,Files.com,Senior Backend Engineer (Ruby on Rails)
https://stackoverflow.com/jobs/241031/senior-frontend-engineer-es8-react-redux-saga-filescom,Files.com,Senior Frontend Engineer (ES8/React/Redux/Saga)
https://stackoverflow.com/jobs/268694/senior-backend-developer-were-motivated-to-kind,Kind,Senior Backend Developer - We're motivated to code with a sense of purpose
https://stackoverflow.com/jobs/283527/senior-backend-engineer-remote-or-nyc-noom,Noom,Senior Backend Engineer (Remote or NYC)
https://stackoverflow.com/jobs/230221/senior-software-engineer-go-100-remote-uk-form3-financial-cloud,Form3 - Financial Cloud,Senior Software Engineer (Go) - 100% remote (UK/EU only)
https://stackoverflow.com/jobs/149129/backend-software-engineer-remote-global-dhis2,DHIS2,Backend Software Engineer - Remote - Global Health Platform
https://stackoverflow.com/jobs/376893/software-engineer-full-stack-indi,indi,Software Engineer (Full-Stack)
https://stackoverflow.com/jobs/250385/senior-infrastructure-devops-engineer-filescom,Files.com,Senior Infrastructure / DevOps Engineer
